ctx-lh-bankssts,ctx-lh-caudalanteriorcingulate,ctx-lh-caudalmiddlefrontal,ctx-lh-cuneus,ctx-lh-entorhinal,ctx-lh-frontalpole,ctx-lh-fusiform,ctx-lh-inferiorparietal,ctx-lh-inferiortemporal,ctx-lh-insula,ctx-lh-isthmuscingulate,ctx-lh-lateraloccipital,ctx-lh-lateralorbitofrontal,ctx-lh-lingual,ctx-lh-medialorbitofrontal,ctx-lh-middletemporal,ctx-lh-paracentral,ctx-lh-parahippocampal,ctx-lh-parsopercularis,ctx-lh-parsorbitalis,ctx-lh-parstriangularis,ctx-lh-pericalcarine,ctx-lh-postcentral,ctx-lh-posteriorcingulate,ctx-lh-precentral,ctx-lh-precuneus,ctx-lh-rostralanteriorcingulate,ctx-lh-rostralmiddlefrontal,ctx-lh-superiorfrontal,ctx-lh-superiorparietal,ctx-lh-superiortemporal,ctx-lh-supramarginal,ctx-lh-temporalpole,ctx-lh-transversetemporal,ctx-rh-bankssts,ctx-rh-caudalanteriorcingulate,ctx-rh-caudalmiddlefrontal,ctx-rh-cuneus,ctx-rh-entorhinal,ctx-rh-frontalpole,ctx-rh-fusiform,ctx-rh-inferiorparietal,ctx-rh-inferiortemporal,ctx-rh-insula,ctx-rh-isthmuscingulate,ctx-rh-lateraloccipital,ctx-rh-lateralorbitofrontal,ctx-rh-lingual,ctx-rh-medialorbitofrontal,ctx-rh-middletemporal,ctx-rh-paracentral,ctx-rh-parahippocampal,ctx-rh-parsopercularis,ctx-rh-parsorbitalis,ctx-rh-parstriangularis,ctx-rh-pericalcarine,ctx-rh-postcentral,ctx-rh-posteriorcingulate,ctx-rh-precentral,ctx-rh-precuneus,ctx-rh-rostralanteriorcingulate,ctx-rh-rostralmiddlefrontal,ctx-rh-superiorfrontal,ctx-rh-superiorparietal,ctx-rh-superiortemporal,ctx-rh-supramarginal,ctx-rh-temporalpole,ctx-rh-transversetemporal
0.0,0.0,-0.6618365417843636,0.0,0.0,-3.408771360335186,0.2632300026380245,8.033170890547119,4.794762995050242,4.255223606686193,0.0,0.0,0.0,-5.286759602486528,-4.276062456137683,8.86121600410896,0.0,-1.2223035470359678,3.8860605241637964,0.0,0.0,0.0,1.695465651558414,0.0,5.822441582152607,0.0,0.0,1.3860275929296584,0.0,0.2475565079019692,8.37761110198171,8.008268749871162,0.0,0.6746017547434966,0.0,0.0,0.0,0.0,-1.52690973066698,0.0,0.0,0.0,0.0,0.0,0.0,0.0,0.0,0.0,-5.3661359882060315,0.0,0.0,0.0,0.0,0.0,0.0,0.0,0.0,0.0,0.0,0.0,0.0,0.0,0.0,0.0,0.0,0.0,0.0,0.0
0.0,0.0,0.0,0.0,1.8521043419294057,3.687098118025018,0.0,0.0,0.0,2.823839489931985,6.287979935717963,0.0,3.2014074829998482,0.0,5.955996344784316,0.0,3.7514034044674864,3.5237806386884034,0.0,0.0,0.0,0.0,0.0,8.147402921202,2.3193249285831175,7.622900513985682,8.220372967419346,1.893288454613333,9.17307668941859,-1.1874729895203753,0.0,0.0,0.0,0.0,0.0,8.711129404494054,-2.8262793281833756,0.0,0.0,1.7558201889963547,0.0,0.0,0.0,1.2329827145587848,2.52427498472606,0.0,3.68223401968872,0.0,5.356943849117056,0.0,-3.0790060796984875,0.0,0.0,0.0,-3.46197855093973,0.0,0.0,5.339595861079079,0.0,1.798275148023731,5.418454689188065,-0.45535272695072176,7.0112037518014105,0.0,0.0,0.0,0.0,0.0
-0.6618365417843636,0.0,0.0,0.0,0.0,0.0,0.9361742115891487,6.306684177645261,6.01876605450926,6.874298395015701,-1.7127035011992964,0.0,0.0,0.0,0.0,5.572298068379676,0.0,1.049102238718355,9.800130200268699,0.0,5.23419547079798,0.0,6.741070546578993,0.0,10.849006329424451,-0.17062081771111468,0.0,10.155787874043963,10.591985912484384,4.947731698974965,1.615606898139548,5.278449838855566,0.0,0.0,0.0,0.0,0.0,0.0,0.0,0.0,0.0,0.0,0.0,-0.5358745623081668,0.0,0.0,0.0,0.0,0.0,0.0,0.0,0.0,0.0,0.0,0.0,0.0,0.0,0.0,-1.8400816926573642,-6.66468489200624,0.0,0.0,1.7124708036841756,0.9246212066374269,0.0,0.0,0.0,0.0
0.0,0.0,0.0,0.0,4.764039226845614,-0.9495756764771321,5.3256654502471985,2.0020794637215698,4.605094907413958,6.016066609182159,7.486857420163517,8.863084373767984,2.5684713752737514,8.698556011114471,3.6979743650836276,3.6714213856455107,0.0,5.8380441524486475,0.0,1.4793540796409155,0.0,10.119456161970087,0.0,0.0,0.0,8.775458947088387,0.0,0.6435151654423139,0.0,9.516696607281338,4.62403307868671,0.0,1.6280755815225332,2.455729798945739,0.0,0.0,0.0,6.683462117582348,2.907303666654929,0.0,2.7783300973828022,3.6707876141758944,-1.3295563290385928,4.0734513661084195,6.31400822021446,6.665966664508873,-0.06245367221116762,6.1748329741694885,-1.6631184979512648,-0.7095694503870906,0.0,3.314637714971102,0.0,-0.42187911646035425,0.0,6.56741932839468,0.0,0.0,0.0,6.678414529297542,0.0,1.2880512681340712,0.0,7.638636186403675,-1.2826825581438188,0.0,-2.8546334688962407,0.0
0.0,1.8521043419294057,0.0,4.764039226845614,0.0,0.0,7.050339595387236,2.8720664619955993,3.0877159291986445,7.4106309856755725,6.765634527961729,2.5180112563452957,-0.2846899358050679,6.753977096819516,3.4400654167448717,1.2023441604527403,-0.33321743452516284,8.728075851658149,0.0,1.3637802460053678,0.0,4.304380332806953,4.037356797658736,1.2686157610706037,5.015674166853233,6.767098721278489,2.287275865275787,0.30775871482671585,3.434301603902434,5.176621091337057,2.404912284932208,-1.071203927968481,7.024616681577597,-6.18822988646273,0.0,0.0,0.0,2.6340950040859092,4.793935076555711,0.0,1.031738342719078,-0.33078048259054854,0.7581662151540804,2.4713840105209415,4.0126505290829595,1.126912640423668,0.0,4.051464881483625,-3.513241678678585,0.05765739176990059,0.0,4.772344343940493,-1.591754822324492,-0.5580379477172894,-1.424115401863173,1.2597060274612144,0.0,-0.6280764603414095,-5.149122188055446,3.903209294508512,0.0,-2.1839628318051143,-0.52205127435077,2.86641446811261,1.0854213345433816,0.0,-0.14772537350301937,0.0
-3.408771360335186,3.687098118025018,0.0,-0.9495756764771321,0.0,0.0,0.3895275114848396,0.0,0.0,4.300269055733494,2.1063394889489104,2.0392141681338978,4.878257842060219,-0.25745351519149895,6.403376075558065,0.2027098433591258,0.0,-2.05273825012754,0.0,0.16454868516828036,0.0,-2.410103243595076,0.0,3.1308341242620448,-3.40848124665993,3.1860979392765096,4.1448731272583625,6.068504640122285,7.207908789707171,-1.1220607844974597,1.1602086144798924,0.0,-1.340687344528435,0.0,0.0,3.6091682177752937,0.0,0.0,0.0,7.71255380156642,0.0,0.0,0.0,2.8501554826462367,0.9663802720918074,-0.8248122585825305,4.759084479811834,0.0,7.754710797404498,0.0,0.0,0.0,0.0,0.47068304835971436,0.6873068026448145,-2.3197258630500563,0.0,1.478315743542138,0.0,2.3684147735473573,4.266056846058818,6.263382357594796,7.501481161075864,0.0,2.107379817693138,0.0,0.0,0.0
0.2632300026380245,0.0,0.9361742115891487,5.3256654502471985,7.050339595387236,0.3895275114848396,0.0,8.076842368422142,9.386299094785455,7.794950091380455,6.406713226533813,9.94865504177067,4.743321984709036,9.197379078766076,5.9432407993656104,6.671162840471023,0.0,8.261244564137865,4.068779404755778,4.322050711518706,2.0413489453602773,5.674214321570699,3.230345601551988,-3.0847492521294577,2.809083140074982,4.938650546391902,0.22362287972967584,3.9791164257724567,1.1942459597733448,7.158993016397272,6.500242664734804,3.3331826412093615,6.117617588995004,1.6118832116724235,0.0,0.0,0.0,0.6297693325724714,1.6620635548337805,-1.7045460292158978,3.6228390640790447,-1.39678276362592,3.7789352352504757,4.578050528807645,3.469085198584134,1.1739651928032444,1.7210887457994006,4.087358355010824,0.46387764017855126,1.9790392096234528,0.0,3.563016721845656,0.0,-1.561354538668913,-3.3196735061887517,1.9555811507538963,0.0,0.0,0.0,4.132061311461066,-2.3579159141561137,1.329009917321322,0.0,3.7343191842784518,0.4890289286294248,0.0,-0.38174208118599495,0.0
8.033170890547119,0.0,6.306684177645261,2.0020794637215698,2.8720664619955993,0.0,8.076842368422142,0.0,9.082768784202162,8.70307605446079,1.8950346664269642,9.828416155992786,3.7236041263328628,2.666751185259185,4.200369111799472,10.1550556852586,1.040209529435111,6.525860161211003,6.164109485966457,2.802711883589918,1.7318805226621405,0.11121919449391048,8.089080823389214,-6.30610104854549,8.338532212784356,6.670040339259792,0.0,4.514805773309902,4.130440505459027,11.235234227295862,8.42659701147356,9.500683333078218,3.468017727586663,5.162502153293214,0.0,0.0,0.0,0.0,1.092376027408393,0.0,1.4255612051982542,1.2919929962638175,0.613743629495682,2.4971089011912198,1.3311694076033103,0.9128628220017128,0.0,1.1313204424865588,-5.510740414554894,-0.35046133410912905,-2.841428339790131,2.048258962343315,0.0,-0.8921128133444719,0.30960880097023036,-2.719287098529971,1.0109229512574036,0.0,0.0929378346738193,1.7372143750976679,0.0,-0.648239451899727,0.32400669887492606,4.748697754212085,1.7686465997895806,0.0,1.0635469652993945,0.0
4.794762995050242,0.0,6.01876605450926,4.605094907413958,3.0877159291986445,0.0,9.386299094785455,9.082768784202162,0.0,7.732174844936019,5.5353061966624875,8.75379639753469,1.6103334093564254,7.171600847680248,4.3052435637327084,9.540769013373655,0.0,5.8984340763830145,7.521266799475534,0.5468717036660209,3.4468091236164886,4.69669798287521,5.434855319735986,0.0,8.424256829365815,3.310265374429368,0.0,5.419350733666985,4.315609332822682,6.643176874601728,6.295807365096402,7.3696704531548125,6.233083955719154,4.203949901220814,0.0,0.0,0.0,1.8715591756012515,-0.29132931640745935,0.0,1.9486805257934727,0.4129999400295598,2.423537995219781,3.8532169140002877,2.2202861548937567,1.0144221631150565,0.7215006979355361,3.5116417539329605,0.0,1.3304181875023373,0.0,1.1193577146013427,0.0,0.0,0.0,1.106203608224896,0.0,-2.8859677399291606,0.0,-0.44176252179758935,0.0,0.0,0.0,1.9248953863637948,-4.327222758069477,0.0,1.2942080975535952,0.0
4.255223606686193,2.823839489931985,6.874298395015701,6.016066609182159,7.4106309856755725,4.300269055733494,7.794950091380455,8.70307605446079,7.732174844936019,0.0,6.122419670185661,8.657695999689315,9.665362184220715,8.93338817502355,8.243208298991384,7.565013451291647,2.7369318051957463,6.474129616421548,9.535890935491418,9.123421142676008,9.87819730895787,6.907755281109577,9.460817445021627,2.5466942474964376,9.414556244407242,6.4755357139516745,5.081422925243239,8.910942190689358,9.649746113964012,9.095990209815401,9.047982276241811,8.344194015554912,9.229106672587431,7.692266024045937,0.0,3.171175042466064,0.7239240087061177,2.33305962426058,2.2369813751811303,3.5055321622674946,4.011724416619637,1.7865929527599582,3.8238143449046467,6.86496988556804,4.418035380253378,3.75274256636127,5.010775790750978,4.990102939064831,4.893381696395413,3.1193981254137513,-4.0377611050694995,4.343057886301526,3.339502118695848,1.227569465236395,3.642239332377187,3.3023510898595676,0.9175217879596125,-5.295082377074216,0.327278378886884,5.427530984907731,4.307439442591675,3.79619197660539,6.893538662129864,5.486355635893515,3.230439101404684,0.0,3.7793366330743514,-3.085686077832175
0.0,6.287979935717963,-1.7127035011992964,7.486857420163517,6.765634527961729,2.1063394889489104,6.406713226533813,1.8950346664269642,5.5353061966624875,6.122419670185661,0.0,4.997959379092246,2.7356617153823253,8.078218875759681,5.761930674511347,3.8305316651988566,1.3151572605900743,7.812209359085353,2.680583878400492,1.6135944204159807,3.5368600041794296,7.160127251924358,2.780824988999985,8.660932966273272,3.7106987633903383,9.591252396841238,6.084245926309845,5.562748320637181,7.818597802550242,7.470073178135522,3.795053793932044,0.0,5.897419021376285,0.0,0.0,2.446512188389108,0.0,6.068687764739183,4.20130245468741,2.423835509223253,3.806086461526642,-1.7605555531457298,2.327143237769548,5.035558692003312,8.686253652597902,5.5007076238239705,2.0403272503743772,6.647946402833871,4.387983477011947,1.576638654454817,3.2583566440437393,4.997568718089403,1.732339334145685,-0.23154840485447425,-2.364124222319858,6.293897488733446,2.891059720687453,6.3276183046069585,3.6317473152916158,7.63283454164784,3.0254718563926413,1.4489298622083642,5.226551852744111,7.273108708299413,2.3400161274576767,0.0,2.0440082955214205,0.0
0.0,0.0,0.0,8.863084373767984,2.5180112563452957,2.0392141681338978,9.94865504177067,9.828416155992786,8.75379639753469,8.657695999689315,4.997959379092246,0.0,4.889689316268519,9.10909321926988,5.389609028757291,8.199635373551192,0.0,6.5190424725429335,0.25743359389826426,4.829264894231664,3.3620685541562336,8.855613454074026,0.1926858495523016,0.0,2.6421529726924096,6.258348949582455,-3.5798961532436233,3.4812023689917195,1.282405674394877,9.55202886774305,7.525841864581991,1.3262628790455315,4.255789551100265,1.9308811252329467,0.0,0.0,0.0,6.260288765106771,-0.767517036900897,0.0,3.8095304760495914,2.5985150043723872,-2.6999666562891416,5.683816247045559,5.193020626174129,7.940545969164483,1.422519333046731,6.8691612635422405,0.33398869053058655,-2.489408134818473,-0.3916459823639083,3.2031424120011747,0.0,0.14747635171141524,-0.7326783383528955,7.1718963642291405,-3.209279225156378,0.0,0.7524739364449274,6.789067612663225,-0.36293712637465875,1.724934011085157,1.4620279399735479,8.06436219385156,1.6157683204939584,0.0,0.0,-1.8478641992549931
0.0,3.2014074829998482,0.0,2.5684713752737514,-0.2846899358050679,4.878257842060219,4.743321984709036,3.7236041263328628,1.6103334093564254,9.665362184220715,2.7356617153823253,4.889689316268519,0.0,5.890958493372746,8.190626469457282,4.062382395351039,0.0,2.203084821232978,3.7618804996382798,8.765440608685404,7.804937803223122,3.9935968878343027,0.20981463387121285,2.3062763558303097,-1.8690745460346154,2.355443242538155,5.935636069383103,8.023761557578682,2.473291997878383,2.5863426999296495,6.464888517717913,0.0,4.659230832385482,-3.1821257154937737,0.0,1.014045986410136,0.0,-4.911084987918182,0.2492501166617161,5.85171561552531,0.7636589578088725,-5.701724359482297,0.0,3.716055260450231,0.8500982235287415,-5.669281240191074,5.499168203401709,1.270392823297523,6.814385564848816,0.0,0.0,-0.07380236738345174,0.0,0.24158912072363553,0.0,-2.4939866161481996,0.0,0.5358380567037891,0.0,2.0239187644720364,4.849621237636468,4.1056537011665135,4.40313777859057,1.5449047099876265,-1.5614095245777002,0.0,1.5297855443558488,0.0
-5.286759602486528,0.0,0.0,8.698556011114471,6.753977096819516,-0.25745351519149895,9.197379078766076,2.666751185259185,7.171600847680248,8.93338817502355,8.078218875759681,9.10909321926988,5.890958493372746,0.0,6.48454259235171,6.788295225242463,-0.4538986105314862,8.08227616909125,0.0,4.998550165421358,4.176899707359475,9.502220196268508,0.4823974458845281,0.6017916241606424,1.3163618920080766,7.754255509864886,-0.6006128454053312,4.952550158551539,1.0896533166111588,7.532915978511277,6.982580210543246,0.0,5.342064836295525,2.4626153130134565,0.0,0.0,-4.690602204014573,6.0551029468477795,3.938630707014765,-1.8163844363065869,4.2928496872485695,-0.681182295222957,3.3112816326101973,5.675289889154615,6.801946925228425,6.0211622862530465,1.8740321220758818,7.57670356941236,1.0272456328835533,2.5556555397304774,-1.9086931263953757,4.44418259098418,0.0,1.7893535797080136,-3.350432877865062,6.741391087782589,-2.1357945673442327,-1.1774538626004185,-0.3655181135315433,6.254824265839905,-0.5580709612869864,1.2907192219626669,-1.9354705662149978,6.762634683811248,1.9785013127257376,0.0,2.0528784910529407,-2.388964375056229
-4.276062456137683,5.955996344784316,0.0,3.6979743650836276,3.4400654167448717,6.403376075558065,5.9432407993656104,4.200369111799472,4.3052435637327084,8.243208298991384,5.761930674511347,5.389609028757291,8.190626469457282,6.48454259235171,0.0,4.828299898710932,-1.9867156530931487,5.638049149981636,-0.5936982100631598,5.85206888494412,4.210631667012169,4.577755097792643,4.875035916242009,5.187989117238929,3.576767106846194,4.82215922349204,8.07459464754137,6.5046201461686115,7.625566546398599,5.030774501552331,5.070532370748671,-3.9844421588476693,6.2132360842872165,0.0,-3.470649967024098,5.157330343295522,0.0,1.2389067120366342,2.0277116226252874,7.084185667983053,3.2140730694534545,0.8079353792832439,3.236141843183014,6.4589085162588935,3.986107496937688,2.339721355247597,6.568152948749006,3.0215484850830383,8.577055908341068,3.6690349836125424,0.0,3.213736784121577,0.0,2.362383814274492,1.6206403929441415,2.119088319032588,0.7560004353862471,4.2832721791135,2.718851283315449,4.049652740291552,6.648138420259281,5.172606111934366,6.686331236329593,3.1446599258000854,2.0780723153507874,0.0,3.5378744324384424,0.0
8.86121600410896,0.0,5.572298068379676,3.6714213856455107,1.2023441604527403,0.2027098433591258,6.671162840471023,10.1550556852586,9.540769013373655,7.565013451291647,3.8305316651988566,8.199635373551192,4.062382395351039,6.788295225242463,4.828299898710932,0.0,0.0,5.185035998444158,7.487892902796722,2.71512797539452,3.019019352596222,4.443384216056769,4.9413958233624875,0.0,8.856405589458104,4.334879954219713,0.0,5.417686885776742,4.66595954688947,6.994565510922398,9.330938078598445,9.437511635180535,5.6817856966247655,4.002464216005013,0.0,0.0,0.0,1.3464659751767836,1.665709920025894,0.0,1.6241244270858086,-2.7167782390366897,2.599106537898927,4.441584088260889,1.5185320520013879,0.5634937688908122,1.1025202739104276,2.835770816088267,-0.5798547738522971,2.848794862329645,0.0,2.256419163291077,0.0,-0.11012378225870012,0.0,1.6703851762171302,0.0,-2.824303298125432,0.0,1.128753980672275,0.0,0.0,0.0,-0.5808299186405584,0.515453147761814,0.0,0.6373506716296474,0.0
0.0,3.7514034044674864,0.0,0.0,-0.33321743452516284,0.0,0.0,1.040209529435111,0.0,2.7369318051957463,1.3151572605900743,0.0,0.0,-0.4538986105314862,-1.9867156530931487,0.0,0.0,2.7601712832972702,-2.25317430217973,0.0,-1.3934180367998972,0.0,7.699823761052718,7.991475707709357,8.301516671466526,7.756307094601409,-5.609048219858986,-3.122069991913722,8.571693999258612,5.819912776046057,0.0,0.0,0.0,0.0,0.0,2.4824241216259453,0.0,0.0,0.0,0.0,0.0,0.0,-5.278390326386008,-2.8986364058359326,1.036992596549634,0.0,0.0,0.0,0.0,0.0,9.20974642574162,-2.945269081803391,0.0,0.0,0.0,0.0,6.137243900411055,6.712093246022682,8.444015044502038,6.374884948416421,0.0,0.0,8.18416597549665,5.571821642666046,0.0,0.0,0.0,0.0
-1.2223035470359678,3.5237806386884034,1.049102238718355,5.8380441524486475,8.728075851658149,-2.05273825012754,8.261244564137865,6.525860161211003,5.8984340763830145,6.474129616421548,7.812209359085353,6.5190424725429335,2.203084821232978,8.08227616909125,5.638049149981636,5.185035998444158,2.7601712832972702,0.0,1.9927828164241588,1.1762475401129027,1.175913969767805,6.105358563420707,6.739902195696224,4.099427185160723,6.811246895489343,8.220127513625888,1.286831836335785,2.428691620665269,5.498106134161343,7.8714605199163685,3.7663251275716765,2.438887486344637,6.126549868345449,-3.8013206720847634,0.0,-1.6612818982943804,-1.092968851276931,2.9508344611677675,4.326621794840313,-3.2018403520906453,3.2589851153276133,-0.1438113548561441,1.577118601183417,4.617122597975033,5.009003738986482,0.9999415096225786,1.0044582857982178,3.7189306136189253,1.8437123726521065,1.620825334286191,1.89378388365926,5.295473965482875,-3.5384822204392274,-5.812139389787636,-5.681836018657916,1.7408243757159874,1.5822845250843505,3.437332203410478,2.3796507012454167,5.4190661074206625,-2.223619944582566,-0.24202939446011087,2.977315009212268,4.80976289253679,1.8586124113713147,0.0,1.2304284012660314,0.0
3.8860605241637964,0.0,9.800130200268699,0.0,0.0,0.0,4.068779404755778,6.164109485966457,7.521266799475534,9.535890935491418,2.680583878400492,0.25743359389826426,3.7618804996382798,0.0,-0.5936982100631598,7.487892902796722,-2.25317430217973,1.9927828164241588,0.0,4.712567620764123,9.230677098040415,0.0,6.667331644315338,-3.348513632252867,9.976381323933488,2.4410787681460238,0.0,9.16445487058332,9.36753197034274,5.030962602633066,7.1536093760535735,6.341292106916529,2.1204219788940715,4.885559350369549,0.0,1.317921597941505,0.0,0.0,-4.600698406862643,0.0,0.0,-2.417600013650233,0.0,3.278645381842012,0.0,0.0,-3.8800552877557966,0.0,0.0,0.0,0.0,0.0,1.858785550411144,-2.049366381745004,2.826063743215823,0.0,0.0,0.0,1.0448075499150629,1.197983364786321,0.0,2.8304751439194464,5.696242701526064,0.9975529875870824,0.0,0.0,0.0,0.0
0.0,0.0,0.0,1.4793540796409155,1.3637802460053678,0.16454868516828036,4.322050711518706,2.802711883589918,0.5468717036660209,9.123421142676008,1.6135944204159807,4.829264894231664,8.765440608685404,4.998550165421358,5.85206888494412,2.71512797539452,0.0,1.1762475401129027,4.712567620764123,0.0,8.014258462328103,3.0300532345572764,0.0,0.0,1.9453778956313155,-4.334660866098136,0.0,8.02025286705813,5.151871388666956,1.959695314837299,4.242548780688372,-2.714969839672454,1.6868575389831537,-5.159933624291764,0.0,-1.2194079813090135,0.0,0.0,-4.221323302915279,1.3191614544049335,-0.23376590063327612,0.0,0.0,1.1342087726546393,-0.30425121551738493,-2.7002897070835723,-2.4567076696261907,0.06953207705611125,-3.689171225648499,0.0,-1.5418769574026066,1.0740705277889544,0.0,1.7582017696240977,-1.9236687901046272,0.0,0.0,0.0,0.0,0.5563910628302015,0.0,2.693274308877267,3.5400067689781642,-1.1627223003640135,0.0,0.0,0.0,0.0
0.0,0.0,5.23419547079798,0.0,0.0,0.0,2.0413489453602773,1.7318805226621405,3.4468091236164886,9.87819730895787,3.5368600041794296,3.3620685541562336,7.804937803223122,4.176899707359475,4.210631667012169,3.019019352596222,-1.3934180367998972,1.175913969767805,9.230677098040415,8.014258462328103,0.0,1.4278380518846399,2.480255242975967,0.0,4.497976060577275,0.9267357810456848,0.0,9.275128497867602,7.093927683886837,1.9174412783641828,3.894118649452176,3.020595384894722,0.7590920603035585,-2.3354900174205766,0.0,0.42358955764949396,0.0,0.0,0.0,0.783800953481804,0.0,0.0,0.0,2.5872861968893166,-1.66072823286801,0.0,0.0,0.0,1.6682120617074252,0.0,-1.840433660793817,-2.717314605075819,-3.369707552070038,-1.765894161661164,2.368837470242254,0.0,-3.6295842624589443,0.0,-4.566665938846922,0.0,0.0,2.7687396994742066,4.548084762759435,-3.751470105515722,0.0,0.0,0.0,0.0
0.0,0.0,0.0,10.119456161970087,4.304380332806953,-2.410103243595076,5.674214321570699,0.11121919449391048,4.69669798287521,6.907755281109577,7.160127251924358,8.855613454074026,3.9935968878343027,9.502220196268508,4.577755097792643,4.443384216056769,0.0,6.105358563420707,0.0,3.0300532345572764,1.4278380518846399,0.0,0.0,0.0,0.0,8.252033778954825,-2.765927502991077,2.2327150323681293,0.0,8.422138005433522,4.25899113899003,0.0,2.3507002117811173,1.8699702930430944,0.0,0.0,0.0,6.199920754931838,2.7172367666593478,0.0,1.8533999620642252,0.6636037064718656,-0.31007859866415377,5.096211754343997,5.957688310221302,7.2472172093579434,1.1130949437330744,6.796690844618992,0.0,1.1658692426980706,-0.7485261403115787,2.5314440670193994,0.0,1.407898176518905,0.0,7.0682275142771,0.0,0.0,0.0,6.400712553905329,-3.4999722863842666,2.6052203738642623,0.19889918228759684,7.278140942193867,0.8133015952131489,0.0,-0.7261416434199766,0.0
1.695465651558414,0.0,6.741070546578993,0.0,4.037356797658736,0.0,3.230345601551988,8.089080823389214,5.434855319735986,9.460817445021627,2.780824988999985,0.1926858495523016,0.20981463387121285,0.4823974458845281,4.875035916242009,4.9413958233624875,7.699823761052718,6.739902195696224,6.667331644315338,0.0,2.480255242975967,0.0,0.0,5.072013668488087,11.175961216196402,5.108633424469668,0.0,5.088315305166955,3.898202665524625,9.579854218217069,5.224214823126837,10.277953583624313,0.0,4.864068758205672,0.0,-2.7819489709161775,0.0,0.0,-1.554179145625949,0.0,0.0,0.0,0.0,2.5185478565971313,-3.2241319019849017,0.0,-4.371775007015812,0.0,0.15631533272450657,0.0,6.856130812713745,2.25641458197996,-1.7959462975648246,0.0,-1.5364968009995694,0.0,6.890333184826208,4.224253388039351,6.599200285146832,6.120584585009373,0.0,-3.283419297177189,2.0281621917801327,6.085704002443485,0.0,0.0,0.0,0.0
0.0,8.147402921202,0.0,0.0,1.2686157610706037,3.1308341242620448,-3.0847492521294577,-6.30610104854549,0.0,2.5466942474964376,8.660932966273272,0.0,2.3062763558303097,0.6017916241606424,5.187989117238929,0.0,7.991475707709357,4.099427185160723,-3.348513632252867,0.0,0.0,0.0,5.072013668488087,0.0,6.948054593258024,8.94824183377367,7.038807867625471,-3.8317440345151854,8.791086135642042,3.9431920975523425,0.0,0.0,-0.7649302653537831,0.0,0.0,6.10418962104024,0.0,-2.728672940537424,-2.055200477183,1.9869747762202865,-3.591206586885281,0.0,0.0,2.1922129981721525,5.970494529716483,-3.404104994605442,2.9173042362134307,0.0,4.675593691906925,0.0,6.511233385283238,2.386932002737,0.0,0.0,0.0,-2.420437512354057,4.345596316592469,8.554699042687293,6.498749828583365,6.052399769483589,3.64496788761336,-3.5564554014873675,6.605485312376446,4.492975624076014,0.0,0.0,0.0,0.0
5.822441582152607,2.3193249285831175,10.849006329424451,0.0,5.015674166853233,-3.40848124665993,2.809083140074982,8.338532212784356,8.424256829365815,9.414556244407242,3.7106987633903383,2.6421529726924096,-1.8690745460346154,1.3163618920080766,3.576767106846194,8.856405589458104,8.301516671466526,6.811246895489343,9.976381323933488,1.9453778956313155,4.497976060577275,0.0,11.175961216196402,6.948054593258024,0.0,3.467819480978184,0.0,8.031987359796597,9.825109377181555,7.029189126471636,7.39178305061195,9.702733069404573,2.718628970500979,4.045609878366572,0.0,-0.9561220388437592,2.54017973777899,0.0,1.0575846175190995,0.0,0.0,0.0,-4.177109415743616,0.2610614722902197,-2.442606125990164,0.0,0.0,-4.29200379372414,0.0,0.0,8.01055544147609,1.9497210621322476,0.6581952814073277,0.0,-1.6903149122017058,0.0,5.535501203167981,5.095773677495587,8.788759194100345,3.8230714467918387,0.0,-0.7986062474198107,7.930512426553103,3.2290465592890745,0.0,0.0,0.0,0.0
0.0,7.622900513985682,-0.17062081771111468,8.775458947088387,6.767098721278489,3.1860979392765096,4.938650546391902,6.670040339259792,3.310265374429368,6.4755357139516745,9.591252396841238,6.258348949582455,2.355443242538155,7.754255509864886,4.82215922349204,4.334879954219713,7.756307094601409,8.220127513625888,2.4410787681460238,-4.334660866098136,0.9267357810456848,8.252033778954825,5.108633424469668,8.94824183377367,3.467819480978184,0.0,6.988445910880721,0.008646169403713757,8.904697664740816,8.975463001205958,5.620561690753922,0.0,3.6393741165868825,2.912719924026639,0.0,2.9729884234527,-1.9687181154549989,5.531154542152166,3.4507868923208664,1.8564230116744553,4.807644362698695,3.6022803192340076,2.0130063215107565,5.808744824372068,7.508913060985884,6.041667846219831,3.2891547049816894,5.817695200569002,4.649243084379057,2.551784534504307,7.582025264000917,5.744994891717602,0.0,2.025243095969159,0.0,5.576304617094273,6.912803730390817,6.936341801075081,5.093036655405763,10.030706123040119,3.819392597872736,1.3829489971463078,5.380972336015667,9.203005930827706,3.7005215826280646,0.0,1.762566294852074,0.0
0.0,8.220372967419346,0.0,0.0,2.287275865275787,4.1448731272583625,0.22362287972967584,0.0,0.0,5.081422925243239,6.084245926309845,-3.5798961532436233,5.935636069383103,-0.6006128454053312,8.07459464754137,0.0,-5.609048219858986,1.286831836335785,0.0,0.0,0.0,-2.765927502991077,0.0,7.038807867625471,0.0,6.988445910880721,0.0,2.75759907265226,8.667326293133993,0.0,0.9018439525679565,0.0,0.24031667966250567,0.0,0.0,6.347211613210049,0.0,0.0,0.0,5.161607644052028,-2.40038384465063,0.0,0.0,3.5498082200740027,2.2245219166063097,0.0,5.531786710348125,-1.2544700223221206,6.682719210617411,0.0,0.0,0.0,0.0,-4.797612645799969,0.0,0.0,0.0,2.4654995867441034,0.0,3.0105071547331423,7.546048462108214,2.6324216670589218,5.565417945315756,-2.4387207821362,0.0,0.0,0.0,0.0
1.3860275929296584,1.893288454613333,10.155787874043963,0.6435151654423139,0.30775871482671585,6.068504640122285,3.9791164257724567,4.514805773309902,5.419350733666985,8.910942190689358,5.562748320637181,3.4812023689917195,8.023761557578682,4.952550158551539,6.5046201461686115,5.417686885776742,-3.122069991913722,2.428691620665269,9.16445487058332,8.02025286705813,9.275128497867602,2.2327150323681293,5.088315305166955,-3.8317440345151854,8.031987359796597,0.008646169403713757,2.75759907265226,0.0,10.364261589838327,3.6638518084526135,3.6366819088302487,3.8949081611796195,1.7086413185220442,-2.8801517326263393,0.0,3.9106268805751774,-3.8368278078200624,-4.352706816586363,-1.505558688422502,7.078311001342506,-0.2431592562052091,0.0,0.0,2.51652994660199,1.6231987690142662,-0.5489691130857215,3.7241726686826144,0.6692474173224504,6.389335722271478,0.0,-2.4212427427696093,1.809756527949068,-1.3519090168440537,3.939315507238032,3.602418084731845,-1.8824870399000464,-3.6984886828516537,-1.6134606292972224,2.0811034958494563,-0.531634257643547,3.390835036221597,7.1910524484891925,8.187734594101057,1.8271623193257918,0.0,0.0,0.0,0.0
0.0,9.17307668941859,10.591985912484384,0.0,3.434301603902434,7.207908789707171,1.1942459597733448,4.130440505459027,4.315609332822682,9.649746113964012,7.818597802550242,1.282405674394877,2.473291997878383,1.0896533166111588,7.625566546398599,4.66595954688947,8.571693999258612,5.498106134161343,9.36753197034274,5.151871388666956,7.093927683886837,0.0,3.898202665524625,8.791086135642042,9.825109377181555,8.904697664740816,8.667326293133993,10.364261589838327,0.0,2.679129777558457,-0.749490139377873,3.3141395487249303,0.47848187316874463,0.0,0.0,7.729297536555682,4.83916942621606,0.0,2.3887290578098788,7.4438724787155115,0.0,1.1675185245744222,0.0,6.361794517617091,4.366590563244302,0.0,3.442364525046747,-4.255805122883044,6.990194732827688,0.0,7.895438092038024,2.803594016995256,5.448190751889168,3.8942575080751727,5.387928006920644,-0.9331879133284862,2.8283804987240493,6.593683827581889,7.492789413726915,4.8770785236116305,6.192644201742351,8.045404017342674,11.63450520256683,1.3638639111430688,-1.1520223694217604,1.0886388037794028,1.2247798432860075,0.0
0.2475565079019692,-1.1874729895203753,4.947731698974965,9.516696607281338,5.176621091337057,-1.1220607844974597,7.158993016397272,11.235234227295862,6.643176874601728,9.095990209815401,7.470073178135522,9.55202886774305,2.5863426999296495,7.532915978511277,5.030774501552331,6.994565510922398,5.819912776046057,7.8714605199163685,5.030962602633066,1.959695314837299,1.9174412783641828,8.422138005433522,9.579854218217069,3.9431920975523425,7.029189126471636,8.975463001205958,0.0,3.6638518084526135,2.679129777558457,0.0,8.159594548527759,9.800050361712541,3.2629609965585935,5.9967133551447285,0.0,0.0,-2.0519791346965905,6.94439985019636,0.6093775181242385,0.0,2.959534191433006,4.602082588965889,1.40861385323652,5.7701359716812926,6.838439593156519,7.649516927384833,1.9651311361438997,6.369580158829581,1.7558708603700541,1.6282542545407492,6.148819867152703,5.063550682360527,0.0,2.398837391047417,1.3474452180643508,6.759021200683514,6.307367985771956,3.4598287768431017,4.513066090132711,8.836374625686107,0.0,2.1933348781700204,3.2142153395031205,9.625017531383143,4.107941002595737,0.0,-2.775765129328856,1.3713728793172095
8.37761110198171,0.0,1.615606898139548,4.62403307868671,2.404912284932208,1.1602086144798924,6.500242664734804,8.42659701147356,6.295807365096402,9.047982276241811,3.795053793932044,7.525841864581991,6.464888517717913,6.982580210543246,5.070532370748671,9.330938078598445,0.0,3.7663251275716765,7.1536093760535735,4.242548780688372,3.894118649452176,4.25899113899003,5.224214823126837,0.0,7.39178305061195,5.620561690753922,0.9018439525679565,3.6366819088302487,-0.749490139377873,8.159594548527759,0.0,9.553586580195836,6.209846997015907,8.180457715149375,0.0,0.0,0.0,-1.9357561481115153,0.0,0.0,1.322920531969273,0.0,-0.0720514097383048,3.136111488127174,2.712292741166724,2.69253262089688,1.1533392941507934,2.010006965527975,1.4877845488322,2.009272331028922,0.0,1.0076189519253715,0.0,-4.425315238017766,0.0,1.7391488712753003,0.0,0.0,0.0,2.605384990632996,-0.8160029939418135,-6.806509268523458,0.0,2.9876301555605216,2.4806275774597695,0.0,-0.4702466719217534,-5.177379154905451
8.008268749871162,0.0,5.278449838855566,0.0,-1.071203927968481,0.0,3.3331826412093615,9.500683333078218,7.3696704531548125,8.344194015554912,0.0,1.3262628790455315,0.0,0.0,-3.9844421588476693,9.437511635180535,0.0,2.438887486344637,6.341292106916529,-2.714969839672454,3.020595384894722,0.0,10.277953583624313,0.0,9.702733069404573,0.0,0.0,3.8949081611796195,3.3141395487249303,9.800050361712541,9.553586580195836,0.0,1.2047331687608143,7.522391190437175,0.0,0.0,0.0,0.0,-0.020288219006260145,0.0,0.0,0.0,0.0,0.0,0.0,0.0,0.0,0.0,0.0,0.0,0.0,0.0,0.0,0.0,0.0,0.0,0.0,0.0,0.0,0.0,0.0,0.0,0.0,0.0,0.0,0.0,0.0,0.0
0.0,0.0,0.0,1.6280755815225332,7.024616681577597,-1.340687344528435,6.117617588995004,3.468017727586663,6.233083955719154,9.229106672587431,5.897419021376285,4.255789551100265,4.659230832385482,5.342064836295525,6.2132360842872165,5.6817856966247655,0.0,6.126549868345449,2.1204219788940715,1.6868575389831537,0.7590920603035585,2.3507002117811173,0.0,-0.7649302653537831,2.718628970500979,3.6393741165868825,0.24031667966250567,1.7086413185220442,0.47848187316874463,3.2629609965585935,6.209846997015907,1.2047331687608143,0.0,0.0,0.0,0.0,0.0,0.0,-0.2711066829061792,-2.276745356671435,1.7361637853341796,0.0,3.2218554745070063,4.239716829101923,1.9671035791957046,-3.0932893576628433,2.146851593456191,2.888041028737093,0.9253473528604712,3.0113455337442563,0.0,1.3977414346900043,0.0,0.0,0.0,-0.02940327116328031,0.0,-1.1467243454985165,0.0,-0.2864838646176,0.6077019261022263,0.0,0.0,-5.297810140472615,0.11626998134018414,0.0,3.3014896567805696,0.0
0.6746017547434966,0.0,0.0,2.455729798945739,-6.18822988646273,0.0,1.6118832116724235,5.162502153293214,4.203949901220814,7.692266024045937,0.0,1.9308811252329467,-3.1821257154937737,2.4626153130134565,0.0,4.002464216005013,0.0,-3.8013206720847634,4.885559350369549,-5.159933624291764,-2.3354900174205766,1.8699702930430944,4.864068758205672,0.0,4.045609878366572,2.912719924026639,0.0,-2.8801517326263393,0.0,5.9967133551447285,8.180457715149375,7.522391190437175,0.0,0.0,0.0,0.0,0.0,0.0,0.0,0.0,0.0,0.0,0.0,-2.7065925550426644,0.0,0.0,0.0,0.0,-3.2172899008274007,0.0,0.0,-4.039622461486247,0.0,0.0,0.0,0.0,0.0,0.0,0.0,-2.1432429383202045,0.0,0.0,0.0,-0.8267925260465653,-0.886622628644594,0.0,0.0,-5.298873215106488
0.0,0.0,0.0,0.0,0.0,0.0,0.0,0.0,0.0,0.0,0.0,0.0,0.0,0.0,-3.470649967024098,0.0,0.0,0.0,0.0,0.0,0.0,0.0,0.0,0.0,0.0,0.0,0.0,0.0,0.0,0.0,0.0,0.0,0.0,0.0,0.0,0.0,0.0,0.0,0.0,0.8788993004369318,-1.2253574744019464,8.531505835681552,4.8936010852891085,5.388526306768837,-4.283366784945035,2.1946042354748587,0.5415849879346685,0.0,0.0,8.604678451793335,0.0,-0.5764192924489254,4.32669026910323,0.11243559983421511,1.876309436220749,0.0,2.2672862143787094,0.0,3.4773273157995526,-0.6018738850471695,0.0,-1.13729765472774,1.611521473993311,4.4482040070472735,8.25233351342772,7.977701479726311,0.0,0.5728423688454622
0.0,8.711129404494054,0.0,0.0,0.0,3.6091682177752937,0.0,0.0,0.0,3.171175042466064,2.446512188389108,0.0,1.014045986410136,0.0,5.157330343295522,0.0,2.4824241216259453,-1.6612818982943804,1.317921597941505,-1.2194079813090135,0.42358955764949396,0.0,-2.7819489709161775,6.10418962104024,-0.9561220388437592,2.9729884234527,6.347211613210049,3.9106268805751774,7.729297536555682,0.0,0.0,0.0,0.0,0.0,0.0,0.0,-1.40587055960431,0.0,-0.35811123133591005,1.5621961925815695,0.2990051471842063,0.0,-3.5155701566103854,2.58650869188521,6.839670938919256,0.0,3.6851332772662526,-2.2239069858734397,5.837844831991662,0.0,3.2653131368111983,3.510355286851527,1.0076752388675088,0.0,1.6506071967342122,0.0,-3.397920329280756,8.062846986309,1.1866467331367572,7.924966397224631,7.984942350045477,2.235052067893062,9.152947297887936,-3.858233858093657,0.0,0.0,0.0,0.0
0.0,-2.8262793281833756,0.0,0.0,0.0,0.0,0.0,0.0,0.0,0.7239240087061177,0.0,0.0,0.0,-4.690602204014573,0.0,0.0,0.0,-1.092968851276931,0.0,0.0,0.0,0.0,0.0,0.0,2.54017973777899,-1.9687181154549989,0.0,-3.8368278078200624,4.83916942621606,-2.0519791346965905,0.0,0.0,0.0,0.0,0.0,-1.40587055960431,0.0,0.0,0.0,0.0,1.4721379028416521,6.968021287026673,5.4856662983886615,6.197718306157787,-2.7467621316208426,-0.6392145816765783,0.0,0.0,0.0,5.910137220875652,2.903105914985857,0.5911760489453557,9.303216176388725,0.6280916288219658,6.21290798449107,0.0,6.439805335019686,-2.820034175551294,10.52706223302266,-4.27911571583669,0.0,9.866639920937038,10.553016288970568,4.870542066311574,3.0328014552078493,4.6672682850959495,-1.7953821763162658,0.0
0.0,0.0,0.0,6.683462117582348,2.6340950040859092,0.0,0.6297693325724714,0.0,1.8715591756012515,2.33305962426058,6.068687764739183,6.260288765106771,-4.911084987918182,6.0551029468477795,1.2389067120366342,1.3464659751767836,0.0,2.9508344611677675,0.0,0.0,0.0,6.199920754931838,0.0,-2.728672940537424,0.0,5.531154542152166,0.0,-4.352706816586363,0.0,6.94439985019636,-1.9357561481115153,0.0,0.0,0.0,0.0,0.0,0.0,0.0,3.278258981739554,1.1641977598758544,4.465203851435434,1.0415968294355749,3.2313809013623396,6.195934785270629,7.025470469335924,9.135340251814284,3.7273419247195756,8.795732432722932,-0.8428314335280115,4.005953700514014,0.0,6.141315527978716,0.0,2.1776440964289145,-2.549067857931282,10.314455497617233,-2.0408424459621535,0.0,0.0,8.627209119279145,0.0,2.1780657098762273,0.0,9.490800257916591,4.433174900060046,0.0,2.059662800295818,0.0
-1.52690973066698,0.0,0.0,2.907303666654929,4.793935076555711,0.0,1.6620635548337805,1.092376027408393,-0.29132931640745935,2.2369813751811303,4.20130245468741,-0.767517036900897,0.2492501166617161,3.938630707014765,2.0277116226252874,1.665709920025894,0.0,4.326621794840313,-4.600698406862643,-4.221323302915279,0.0,2.7172367666593478,-1.554179145625949,-2.055200477183,1.0575846175190995,3.4507868923208664,0.0,-1.505558688422502,2.3887290578098788,0.6093775181242385,0.0,-0.020288219006260145,-0.2711066829061792,0.0,0.0,-0.35811123133591005,0.0,3.278258981739554,0.0,-4.863895421268233,6.733507995197499,2.0882712248611632,2.819119844030491,7.618292054652334,6.864735899527516,1.7379461198892712,-1.5044731216073302,6.577389231153308,-2.2431604419173357,0.5240585725798529,0.2549313829184526,8.704368874860643,0.0,-2.282720748745808,-3.250986688896609,2.393455767213946,3.783551308170964,1.2174029237904485,4.111710809310109,7.148795098769502,-0.6735838475002008,-1.9089757018079614,2.0015113879060618,5.612094363521863,0.5174210286194313,-2.75287189191354,6.173148911797275,0.0
0.0,1.7558201889963547,0.0,0.0,0.0,7.71255380156642,-1.7045460292158978,0.0,0.0,3.5055321622674946,2.423835509223253,0.0,5.85171561552531,-1.8163844363065869,7.084185667983053,0.0,0.0,-3.2018403520906453,0.0,1.3191614544049335,0.783800953481804,0.0,0.0,1.9869747762202865,0.0,1.8564230116744553,5.161607644052028,7.078311001342506,7.4438724787155115,0.0,0.0,0.0,-2.276745356671435,0.0,0.8788993004369318,1.5621961925815695,0.0,1.1641977598758544,-4.863895421268233,0.0,-0.26411035237634023,-3.4653857129255443,0.0,5.5296163299934715,1.1945881275667856,-1.063281262158101,6.154100557522591,1.457216783416668,6.475727146440994,1.020444318767508,0.0,1.8434980067973716,0.0,1.853191913589684,2.2333305918975084,1.0031396786284656,0.0,1.4422084961433324,-0.3958202003224227,1.435729958828395,3.686091772489307,6.447505165032627,7.103015615820714,0.33214615264827585,1.8628075380233973,0.0,2.1913587385931166,0.0
0.0,0.0,0.0,2.7783300973828022,1.031738342719078,0.0,3.6228390640790447,1.4255612051982542,1.9486805257934727,4.011724416619637,3.806086461526642,3.8095304760495914,0.7636589578088725,4.2928496872485695,3.2140730694534545,1.6241244270858086,0.0,3.2589851153276133,0.0,-0.23376590063327612,0.0,1.8533999620642252,0.0,-3.591206586885281,0.0,4.807644362698695,-2.40038384465063,-0.2431592562052091,0.0,2.959534191433006,1.322920531969273,0.0,1.7361637853341796,0.0,-1.2253574744019464,0.2990051471842063,1.4721379028416521,4.465203851435434,6.733507995197499,-0.26411035237634023,0.0,8.316762127683607,9.078512850950675,7.633334503173782,6.22770184597938,10.003376930587091,4.230000468300301,8.932226178311193,-0.15088813503787613,6.288215716810177,0.0,8.160874011599592,-4.119833312597532,3.4444765554867325,0.019771071982502386,5.5601989997035055,0.66419126656245,1.0046084538770812,3.166109475968232,6.106444833413488,-2.894722358571934,4.0726285019941395,1.605928898320512,8.072952286418223,5.869389992727237,-0.5148688282418945,5.894497301772617,-1.6908771949673227
0.0,0.0,0.0,3.6707876141758944,-0.33078048259054854,0.0,-1.39678276362592,1.2919929962638175,0.4129999400295598,1.7865929527599582,-1.7605555531457298,2.5985150043723872,-5.701724359482297,-0.681182295222957,0.8079353792832439,-2.7167782390366897,0.0,-0.1438113548561441,-2.417600013650233,0.0,0.0,0.6636037064718656,0.0,0.0,0.0,3.6022803192340076,0.0,0.0,1.1675185245744222,4.602082588965889,0.0,0.0,0.0,0.0,8.531505835681552,0.0,6.968021287026673,1.0415968294355749,2.0882712248611632,-3.4653857129255443,8.316762127683607,0.0,9.449328910256913,8.93302553035218,2.8860951351562703,9.670890443382573,4.029095000725155,1.7815821335507709,3.0683055699693678,10.362848541322103,0.0,6.379176947080914,7.020150773205852,1.6148098741302628,3.6156905770802537,0.6863249801567335,8.213128791725872,0.0,9.693698514984122,5.113917758915087,0.0,5.9441336447231565,4.994878202106856,11.124999858968701,8.568776973567072,10.021146951172646,3.663206763453889,4.670091164249755
0.0,0.0,0.0,-1.3295563290385928,0.7581662151540804,0.0,3.7789352352504757,0.613743629495682,2.423537995219781,3.8238143449046467,2.327143237769548,-2.6999666562891416,0.0,3.3112816326101973,3.236141843183014,2.599106537898927,-5.278390326386008,1.577118601183417,0.0,0.0,0.0,-0.31007859866415377,0.0,0.0,-4.177109415743616,2.0130063215107565,0.0,0.0,0.0,1.40861385323652,-0.0720514097383048,0.0,3.2218554745070063,0.0,4.8936010852891085,-3.5155701566103854,5.4856662983886615,3.2313809013623396,2.819119844030491,0.0,9.078512850950675,9.449328910256913,0.0,8.164029465290815,5.838157319203555,8.825801521006841,3.156033343013204,6.971858888883407,0.7007459503229808,9.747967950303172,0.0,6.164660008607677,5.587653586464174,1.8011649308919366,3.902474753842431,5.087147596988696,5.21871235239068,-1.2376009036465656,7.14412414179856,3.6488047216077417,0.4381097488581158,3.4573988637253286,3.0933567346544777,7.006835882987128,6.098430314959177,6.513610829516561,5.742858625911053,1.9185140462278454
0.0,1.2329827145587848,-0.5358745623081668,4.0734513661084195,2.4713840105209415,2.8501554826462367,4.578050528807645,2.4971089011912198,3.8532169140002877,6.86496988556804,5.035558692003312,5.683816247045559,3.716055260450231,5.675289889154615,6.4589085162588935,4.441584088260889,-2.8986364058359326,4.617122597975033,3.278645381842012,1.1342087726546393,2.5872861968893166,5.096211754343997,2.5185478565971313,2.1922129981721525,0.2610614722902197,5.808744824372068,3.5498082200740027,2.51652994660199,6.361794517617091,5.7701359716812926,3.136111488127174,0.0,4.239716829101923,-2.7065925550426644,5.388526306768837,2.58650869188521,6.197718306157787,6.195934785270629,7.618292054652334,5.5296163299934715,7.633334503173782,8.93302553035218,8.164029465290815,0.0,6.202351460310169,8.962058010289962,9.812262244468164,8.98801524400342,7.194294508956216,8.478299129849553,3.0274657194843133,6.97549775105303,9.085396939837237,9.342609981891178,9.646345789606956,7.3230344771862015,9.105532408906024,3.3064725288287145,9.090096643167831,5.990588812889274,5.3153713593837235,8.739222246080718,8.663354766688819,9.285733859671506,9.360506468496158,9.127735980876139,9.322581744982228,7.698933668429927
0.0,2.52427498472606,0.0,6.31400822021446,4.0126505290829595,0.9663802720918074,3.469085198584134,1.3311694076033103,2.2202861548937567,4.418035380253378,8.686253652597902,5.193020626174129,0.8500982235287415,6.801946925228425,3.986107496937688,1.5185320520013879,1.036992596549634,5.009003738986482,0.0,-0.30425121551738493,-1.66072823286801,5.957688310221302,-3.2241319019849017,5.970494529716483,-2.442606125990164,7.508913060985884,2.2245219166063097,1.6231987690142662,4.366590563244302,6.838439593156519,2.712292741166724,0.0,1.9671035791957046,0.0,-4.283366784945035,6.839670938919256,-2.7467621316208426,7.025470469335924,6.864735899527516,1.1945881275667856,6.22770184597938,2.8860951351562703,5.838157319203555,6.202351460310169,0.0,5.65530745083345,2.728745947052249,7.7425005015063375,3.528560691747616,5.249026391629679,-0.3109861515851726,7.749125870601782,0.0,2.8113932200076954,2.7097874227917127,6.61741810918935,-0.8353037436608696,8.44946393724363,0.7604069697071918,9.614230756493706,5.998236046517681,4.6938995228229015,7.571416359414639,7.960677930310341,3.6226969589488633,0.0,5.009464067586598,0.0
0.0,0.0,0.0,6.665966664508873,1.126912640423668,-0.8248122585825305,1.1739651928032444,0.9128628220017128,1.0144221631150565,3.75274256636127,5.5007076238239705,7.940545969164483,-5.669281240191074,6.0211622862530465,2.339721355247597,0.5634937688908122,0.0,0.9999415096225786,0.0,-2.7002897070835723,0.0,7.2472172093579434,0.0,-3.404104994605442,0.0,6.041667846219831,0.0,-0.5489691130857215,0.0,7.649516927384833,2.69253262089688,0.0,-3.0932893576628433,0.0,2.1946042354748587,0.0,-0.6392145816765783,9.135340251814284,1.7379461198892712,-1.063281262158101,10.003376930587091,9.670890443382573,8.825801521006841,8.962058010289962,5.65530745083345,0.0,5.484107252229026,9.221255088998209,4.041295034466864,7.902612226728003,0.0,6.387627719187837,1.6079451935419624,4.473479381612707,0.8733989326748904,9.081929150766742,0.5028636485546818,-2.440669204739512,3.195717574066237,6.3784141871541555,0.0,3.707824435660663,-0.6977614426004001,9.851326089363283,7.30052961385243,0.0,4.397963652406256,-0.40608945136849917
0.0,3.68223401968872,0.0,-0.06245367221116762,0.0,4.759084479811834,1.7210887457994006,0.0,0.7215006979355361,5.010775790750978,2.0403272503743772,1.422519333046731,5.499168203401709,1.8740321220758818,6.568152948749006,1.1025202739104276,0.0,1.0044582857982178,-3.8800552877557966,-2.4567076696261907,0.0,1.1130949437330744,-4.371775007015812,2.9173042362134307,0.0,3.2891547049816894,5.531786710348125,3.7241726686826144,3.442364525046747,1.9651311361438997,1.1533392941507934,0.0,2.146851593456191,0.0,0.5415849879346685,3.6851332772662526,0.0,3.7273419247195756,-1.5044731216073302,6.154100557522591,4.230000468300301,4.029095000725155,3.156033343013204,9.812262244468164,2.728745947052249,5.484107252229026,0.0,5.743714495836678,8.120184990631795,4.844068561660041,0.0,3.9565403757641775,1.2396409729880826,8.460267275996795,6.885328560142928,4.389616463380481,1.3152170674952295,1.1423971747385298,-2.4146376006412584,2.791526589015452,6.431861643142493,7.655951283977447,2.980835893760259,4.476662500982083,6.916918393500035,-0.8684476797486266,5.410595845006721,0.0
0.0,0.0,0.0,6.1748329741694885,4.051464881483625,0.0,4.087358355010824,1.1313204424865588,3.5116417539329605,4.990102939064831,6.647946402833871,6.8691612635422405,1.270392823297523,7.57670356941236,3.0215484850830383,2.835770816088267,0.0,3.7189306136189253,0.0,0.06953207705611125,0.0,6.796690844618992,0.0,0.0,-4.29200379372414,5.817695200569002,-1.2544700223221206,0.6692474173224504,-4.255805122883044,6.369580158829581,2.010006965527975,0.0,2.888041028737093,0.0,0.0,-2.2239069858734397,0.0,8.795732432722932,6.577389231153308,1.457216783416668,8.932226178311193,1.7815821335507709,6.971858888883407,8.98801524400342,7.7425005015063375,9.221255088998209,5.743714495836678,0.0,0.8424344184577838,6.762180072465442,-6.058811382566276,7.704438745077321,-2.728743912269653,5.51828936244999,2.931313926954371,9.72637968364305,0.6114698231397623,0.6720020907519029,1.1041638071330444,8.334117481534394,-4.253411517720178,4.964821809968978,0.1422905836739019,8.338406887917706,6.540581630740893,0.0,4.922328732995804,0.0
-5.3661359882060315,5.356943849117056,0.0,-1.6631184979512648,-3.513241678678585,7.754710797404498,0.46387764017855126,-5.510740414554894,0.0,4.893381696395413,4.387983477011947,0.33398869053058655,6.814385564848816,1.0272456328835533,8.577055908341068,-0.5798547738522971,0.0,1.8437123726521065,0.0,-3.689171225648499,1.6682120617074252,0.0,0.15631533272450657,4.675593691906925,0.0,4.649243084379057,6.682719210617411,6.389335722271478,6.990194732827688,1.7558708603700541,1.4877845488322,0.0,0.9253473528604712,-3.2172899008274007,0.0,5.837844831991662,0.0,-0.8428314335280115,-2.2431604419173357,6.475727146440994,-0.15088813503787613,3.0683055699693678,0.7007459503229808,7.194294508956216,3.528560691747616,4.041295034466864,8.120184990631795,0.8424344184577838,0.0,1.9138880639679918,0.0,4.6825470196245735,-5.512467708895097,0.0,0.0,0.9462714520570173,1.5914416650130998,3.9125205862483448,-2.9039514394595036,4.05896043042591,7.891840732540363,2.944909328623422,7.702159862791423,4.526591936501322,4.277009768550221,0.0,3.244653205887592,0.0
0.0,0.0,0.0,-0.7095694503870906,0.05765739176990059,0.0,1.9790392096234528,-0.35046133410912905,1.3304181875023373,3.1193981254137513,1.576638654454817,-2.489408134818473,0.0,2.5556555397304774,3.6690349836125424,2.848794862329645,0.0,1.620825334286191,0.0,0.0,0.0,1.1658692426980706,0.0,0.0,0.0,2.551784534504307,0.0,0.0,0.0,1.6282542545407492,2.009272331028922,0.0,3.0113455337442563,0.0,8.604678451793335,0.0,5.910137220875652,4.005953700514014,0.5240585725798529,1.020444318767508,6.288215716810177,10.362848541322103,9.747967950303172,8.478299129849553,5.249026391629679,7.902612226728003,4.844068561660041,6.762180072465442,1.9138880639679918,0.0,0.0,5.466095114583747,6.9801849670641305,3.6592376029273916,4.546344612910679,4.629530606012202,5.0177043418755956,-1.0884921205407911,7.494057505962967,3.241258620438434,-3.279052357415822,5.459899587787983,4.279288896591459,7.284045663415146,8.869975758826294,9.147587076097134,5.252602691403391,2.60833667418038
0.0,-3.0790060796984875,0.0,0.0,0.0,0.0,0.0,-2.841428339790131,0.0,-4.0377611050694995,3.2583566440437393,-0.3916459823639083,0.0,-1.9086931263953757,0.0,0.0,9.20974642574162,1.89378388365926,0.0,-1.5418769574026066,-1.840433660793817,-0.7485261403115787,6.856130812713745,6.511233385283238,8.01055544147609,7.582025264000917,0.0,-2.4212427427696093,7.895438092038024,6.148819867152703,0.0,0.0,0.0,0.0,0.0,3.2653131368111983,2.903105914985857,0.0,0.2549313829184526,0.0,0.0,0.0,0.0,3.0274657194843133,-0.3109861515851726,0.0,0.0,-6.058811382566276,0.0,0.0,0.0,2.12884006548676,-2.0909889995890425,0.0,0.0,0.0,8.062859890247848,8.269572536439838,8.477292517175865,8.481241968515977,1.894240625420264,0.3310963361062137,8.609691519850763,5.871298889780553,0.0,0.0,0.0,0.0
0.0,0.0,0.0,3.314637714971102,4.772344343940493,0.0,3.563016721845656,2.048258962343315,1.1193577146013427,4.343057886301526,4.997568718089403,3.2031424120011747,-0.07380236738345174,4.44418259098418,3.213736784121577,2.256419163291077,-2.945269081803391,5.295473965482875,0.0,1.0740705277889544,-2.717314605075819,2.5314440670193994,2.25641458197996,2.386932002737,1.9497210621322476,5.744994891717602,0.0,1.809756527949068,2.803594016995256,5.063550682360527,1.0076189519253715,0.0,1.3977414346900043,-4.039622461486247,-0.5764192924489254,3.510355286851527,0.5911760489453557,6.141315527978716,8.704368874860643,1.8434980067973716,8.160874011599592,6.379176947080914,6.164660008607677,6.97549775105303,7.749125870601782,6.387627719187837,3.9565403757641775,7.704438745077321,4.6825470196245735,5.466095114583747,2.12884006548676,0.0,0.2109224723014685,3.3105277417571033,2.6452049521475316,5.435784761051581,6.5423030631941606,4.204208339555127,6.429611307152471,8.244612810579344,1.9192456171789911,3.496446231558555,5.346543188460262,8.192677052412181,3.7999652710909455,2.432138548512583,5.121840156866407,-5.48184359096163
0.0,0.0,0.0,0.0,-1.591754822324492,0.0,0.0,0.0,0.0,3.339502118695848,1.732339334145685,0.0,0.0,0.0,0.0,0.0,0.0,-3.5384822204392274,1.858785550411144,0.0,-3.369707552070038,0.0,-1.7959462975648246,0.0,0.6581952814073277,0.0,0.0,-1.3519090168440537,5.448190751889168,0.0,0.0,0.0,0.0,0.0,4.32669026910323,1.0076752388675088,9.303216176388725,0.0,0.0,0.0,-4.119833312597532,7.020150773205852,5.587653586464174,9.085396939837237,0.0,1.6079451935419624,1.2396409729880826,-2.728743912269653,-5.512467708895097,6.9801849670641305,-2.0909889995890425,0.2109224723014685,0.0,3.5053330101397058,8.927789068155652,0.0,4.487640153010407,0.0,9.835932451147057,0.0,0.0,8.712026044110022,8.865580795813344,3.3609893004992277,6.08559662125547,8.343775898454647,-3.2680273734016403,-2.6687263222155617
0.0,0.0,0.0,-0.42187911646035425,-0.5580379477172894,0.47068304835971436,-1.561354538668913,-0.8921128133444719,0.0,1.227569465236395,-0.23154840485447425,0.14747635171141524,0.24158912072363553,1.7893535797080136,2.362383814274492,-0.11012378225870012,0.0,-5.812139389787636,-2.049366381745004,1.7582017696240977,-1.765894161661164,1.407898176518905,0.0,0.0,0.0,2.025243095969159,-4.797612645799969,3.939315507238032,3.8942575080751727,2.398837391047417,-4.425315238017766,0.0,0.0,0.0,0.11243559983421511,0.0,0.6280916288219658,2.1776440964289145,-2.282720748745808,1.853191913589684,3.4444765554867325,1.6148098741302628,1.8011649308919366,9.342609981891178,2.8113932200076954,4.473479381612707,8.460267275996795,5.51828936244999,0.0,3.6592376029273916,0.0,3.3105277417571033,3.5053330101397058,0.0,7.713413550306483,3.1754236692449997,-1.7476847358970702,0.0,0.8344923656500841,2.2603203612829277,0.0,7.557961076737054,4.235815536304268,3.1972003824911766,3.8246572087185466,0.2194087467322642,3.058857382212721,0.0
0.0,-3.46197855093973,0.0,0.0,-1.424115401863173,0.6873068026448145,-3.3196735061887517,0.30960880097023036,0.0,3.642239332377187,-2.364124222319858,-0.7326783383528955,0.0,-3.350432877865062,1.6206403929441415,0.0,0.0,-5.681836018657916,2.826063743215823,-1.9236687901046272,2.368837470242254,0.0,-1.5364968009995694,0.0,-1.6903149122017058,0.0,0.0,3.602418084731845,5.387928006920644,1.3474452180643508,0.0,0.0,0.0,0.0,1.876309436220749,1.6506071967342122,6.21290798449107,-2.549067857931282,-3.250986688896609,2.2333305918975084,0.019771071982502386,3.6156905770802537,3.902474753842431,9.646345789606956,2.7097874227917127,0.8733989326748904,6.885328560142928,2.931313926954371,0.0,4.546344612910679,0.0,2.6452049521475316,8.927789068155652,7.713413550306483,0.0,0.07827561162134705,2.086396108887939,0.0,5.295684302627958,0.0,0.0,9.222558913332303,7.505109390456185,1.9927729839497192,3.8148419507059073,5.395464543397412,-1.5809315138856905,0.0
0.0,0.0,0.0,6.56741932839468,1.2597060274612144,-2.3197258630500563,1.9555811507538963,-2.719287098529971,1.106203608224896,3.3023510898595676,6.293897488733446,7.1718963642291405,-2.4939866161481996,6.741391087782589,2.119088319032588,1.6703851762171302,0.0,1.7408243757159874,0.0,0.0,0.0,7.0682275142771,0.0,-2.420437512354057,0.0,5.576304617094273,0.0,-1.8824870399000464,-0.9331879133284862,6.759021200683514,1.7391488712753003,0.0,-0.02940327116328031,0.0,0.0,0.0,0.0,10.314455497617233,2.393455767213946,1.0031396786284656,5.5601989997035055,0.6863249801567335,5.087147596988696,7.3230344771862015,6.61741810918935,9.081929150766742,4.389616463380481,9.72637968364305,0.9462714520570173,4.629530606012202,0.0,5.435784761051581,0.0,3.1754236692449997,0.07827561162134705,0.0,-1.922637032836513,0.0,-4.349452803953563,7.764892009982027,0.0,2.8771962670193743,-6.00114593446109,8.604226555015012,4.73679584679981,0.0,2.0957335385308498,0.0
0.0,0.0,0.0,0.0,0.0,0.0,0.0,1.0109229512574036,0.0,0.9175217879596125,2.891059720687453,-3.209279225156378,0.0,-2.1357945673442327,0.7560004353862471,0.0,6.137243900411055,1.5822845250843505,0.0,0.0,-3.6295842624589443,0.0,6.890333184826208,4.345596316592469,5.535501203167981,6.912803730390817,0.0,-3.6984886828516537,2.8283804987240493,6.307367985771956,0.0,0.0,0.0,0.0,2.2672862143787094,-3.397920329280756,6.439805335019686,-2.0408424459621535,3.783551308170964,0.0,0.66419126656245,8.213128791725872,5.21871235239068,9.105532408906024,-0.8353037436608696,0.5028636485546818,1.3152170674952295,0.6114698231397623,1.5914416650130998,5.0177043418755956,8.062859890247848,6.5423030631941606,4.487640153010407,-1.7476847358970702,2.086396108887939,-1.922637032836513,0.0,4.354222588209868,10.980925566751703,4.509652350036837,0.8031126176587344,4.185926200096588,4.232681468822153,9.86693391264918,4.966737949177926,9.939179834251949,-1.9874144785189711,3.830985266651308
0.0,5.339595861079079,0.0,0.0,-0.6280764603414095,1.478315743542138,0.0,0.0,-2.8859677399291606,-5.295082377074216,6.3276183046069585,0.0,0.5358380567037891,-1.1774538626004185,4.2832721791135,-2.824303298125432,6.712093246022682,3.437332203410478,0.0,0.0,0.0,0.0,4.224253388039351,8.554699042687293,5.095773677495587,6.936341801075081,2.4654995867441034,-1.6134606292972224,6.593683827581889,3.4598287768431017,0.0,0.0,-1.1467243454985165,0.0,0.0,8.062846986309,-2.820034175551294,0.0,1.2174029237904485,1.4422084961433324,1.0046084538770812,0.0,-1.2376009036465656,3.3064725288287145,8.44946393724363,-2.440669204739512,1.1423971747385298,0.6720020907519029,3.9125205862483448,-1.0884921205407911,8.269572536439838,4.204208339555127,0.0,0.0,0.0,0.0,4.354222588209868,0.0,6.999451280018405,9.062035689582258,6.4534505064309435,-3.6344085969984907,8.532685137954418,4.714581471161646,0.0,0.0,-0.5248901982945509,0.0
0.0,0.0,-1.8400816926573642,0.0,-5.149122188055446,0.0,0.0,0.0929378346738193,0.0,0.327278378886884,3.6317473152916158,0.7524739364449274,0.0,-0.3655181135315433,2.718851283315449,0.0,8.444015044502038,2.3796507012454167,1.0448075499150629,0.0,-4.566665938846922,0.0,6.599200285146832,6.498749828583365,8.788759194100345,5.093036655405763,0.0,2.0811034958494563,7.492789413726915,4.513066090132711,0.0,0.0,0.0,0.0,3.4773273157995526,1.1866467331367572,10.52706223302266,0.0,4.111710809310109,-0.3958202003224227,3.166109475968232,9.693698514984122,7.14412414179856,9.090096643167831,0.7604069697071918,3.195717574066237,-2.4146376006412584,1.1041638071330444,-2.9039514394595036,7.494057505962967,8.477292517175865,6.429611307152471,9.835932451147057,0.8344923656500841,5.295684302627958,-4.349452803953563,10.980925566751703,6.999451280018405,0.0,2.6404929297050352,0.0,8.50260794946857,9.914329288227599,8.259612249946272,4.985897464257304,9.4946298718846,0.13071673609109377,-0.8480177952972414
0.0,1.798275148023731,-6.66468489200624,6.678414529297542,3.903209294508512,2.3684147735473573,4.132061311461066,1.7372143750976679,-0.44176252179758935,5.427530984907731,7.63283454164784,6.789067612663225,2.0239187644720364,6.254824265839905,4.049652740291552,1.128753980672275,6.374884948416421,5.4190661074206625,1.197983364786321,0.5563910628302015,0.0,6.400712553905329,6.120584585009373,6.052399769483589,3.8230714467918387,10.030706123040119,3.0105071547331423,-0.531634257643547,4.8770785236116305,8.836374625686107,2.605384990632996,0.0,-0.2864838646176,-2.1432429383202045,-0.6018738850471695,7.924966397224631,-4.27911571583669,8.627209119279145,7.148795098769502,1.435729958828395,6.106444833413488,5.113917758915087,3.6488047216077417,5.990588812889274,9.614230756493706,6.3784141871541555,2.791526589015452,8.334117481534394,4.05896043042591,3.241258620438434,8.481241968515977,8.244612810579344,0.0,2.2603203612829277,0.0,7.764892009982027,4.509652350036837,9.062035689582258,2.6404929297050352,0.0,6.409565131259356,1.0604996302690632,8.605012623362297,9.288844278112599,4.792889343676099,0.0,4.194481794694728,0.5749326120232179
0.0,5.418454689188065,0.0,0.0,0.0,4.266056846058818,-2.3579159141561137,0.0,0.0,4.307439442591675,3.0254718563926413,-0.36293712637465875,4.849621237636468,-0.5580709612869864,6.648138420259281,0.0,0.0,-2.223619944582566,0.0,0.0,0.0,-3.4999722863842666,0.0,3.64496788761336,0.0,3.819392597872736,7.546048462108214,3.390835036221597,6.192644201742351,0.0,-0.8160029939418135,0.0,0.6077019261022263,0.0,0.0,7.984942350045477,0.0,0.0,-0.6735838475002008,3.686091772489307,-2.894722358571934,0.0,0.4381097488581158,5.3153713593837235,5.998236046517681,0.0,6.431861643142493,-4.253411517720178,7.891840732540363,-3.279052357415822,1.894240625420264,1.9192456171789911,0.0,0.0,0.0,0.0,0.8031126176587344,6.4534505064309435,0.0,6.409565131259356,0.0,0.29169234545873596,8.486561697247561,0.0,0.0,0.0,0.2702433512984078,0.0
0.0,-0.45535272695072176,0.0,1.2880512681340712,-2.1839628318051143,6.263382357594796,1.329009917321322,-0.648239451899727,0.0,3.79619197660539,1.4489298622083642,1.724934011085157,4.1056537011665135,1.2907192219626669,5.172606111934366,0.0,0.0,-0.24202939446011087,2.8304751439194464,2.693274308877267,2.7687396994742066,2.6052203738642623,-3.283419297177189,-3.5564554014873675,-0.7986062474198107,1.3829489971463078,2.6324216670589218,7.1910524484891925,8.045404017342674,2.1933348781700204,-6.806509268523458,0.0,0.0,0.0,-1.13729765472774,2.235052067893062,9.866639920937038,2.1780657098762273,-1.9089757018079614,6.447505165032627,4.0726285019941395,5.9441336447231565,3.4573988637253286,8.739222246080718,4.6938995228229015,3.707824435660663,7.655951283977447,4.964821809968978,2.944909328623422,5.459899587787983,0.3310963361062137,3.496446231558555,8.712026044110022,7.557961076737054,9.222558913332303,2.8771962670193743,4.185926200096588,-3.6344085969984907,8.50260794946857,1.0604996302690632,0.29169234545873596,0.0,10.172339291255344,4.123613573578708,3.626346322146113,4.954482677341086,3.305306712764737,0.0
0.0,7.0112037518014105,1.7124708036841756,0.0,-0.52205127435077,7.501481161075864,0.0,0.32400669887492606,0.0,6.893538662129864,5.226551852744111,1.4620279399735479,4.40313777859057,-1.9354705662149978,6.686331236329593,0.0,8.18416597549665,2.977315009212268,5.696242701526064,3.5400067689781642,4.548084762759435,0.19889918228759684,2.0281621917801327,6.605485312376446,7.930512426553103,5.380972336015667,5.565417945315756,8.187734594101057,11.63450520256683,3.2142153395031205,0.0,0.0,0.0,0.0,1.611521473993311,9.152947297887936,10.553016288970568,0.0,2.0015113879060618,7.103015615820714,1.605928898320512,4.994878202106856,3.0933567346544777,8.663354766688819,7.571416359414639,-0.6977614426004001,2.980835893760259,0.1422905836739019,7.702159862791423,4.279288896591459,8.609691519850763,5.346543188460262,8.865580795813344,4.235815536304268,7.505109390456185,-6.00114593446109,4.232681468822153,8.532685137954418,9.914329288227599,8.605012623362297,8.486561697247561,10.172339291255344,0.0,2.8944599315555237,0.4899211954301219,4.900202511859256,-0.4821200500538906,0.0
0.0,0.0,0.9246212066374269,7.638636186403675,2.86641446811261,0.0,3.7343191842784518,4.748697754212085,1.9248953863637948,5.486355635893515,7.273108708299413,8.06436219385156,1.5449047099876265,6.762634683811248,3.1446599258000854,-0.5808299186405584,5.571821642666046,4.80976289253679,0.9975529875870824,-1.1627223003640135,-3.751470105515722,7.278140942193867,6.085704002443485,4.492975624076014,3.2290465592890745,9.203005930827706,-2.4387207821362,1.8271623193257918,1.3638639111430688,9.625017531383143,2.9876301555605216,0.0,-5.297810140472615,-0.8267925260465653,4.4482040070472735,-3.858233858093657,4.870542066311574,9.490800257916591,5.612094363521863,0.33214615264827585,8.072952286418223,11.124999858968701,7.006835882987128,9.285733859671506,7.960677930310341,9.851326089363283,4.476662500982083,8.338406887917706,4.526591936501322,7.284045663415146,5.871298889780553,8.192677052412181,3.3609893004992277,3.1972003824911766,1.9927729839497192,8.604226555015012,9.86693391264918,4.714581471161646,8.259612249946272,9.288844278112599,0.0,4.123613573578708,2.8944599315555237,0.0,8.200715344096178,9.554517585927318,3.3097854639719664,5.7221543469605995
0.0,0.0,0.0,-1.2826825581438188,1.0854213345433816,2.107379817693138,0.4890289286294248,1.7686465997895806,-4.327222758069477,3.230439101404684,2.3400161274576767,1.6157683204939584,-1.5614095245777002,1.9785013127257376,2.0780723153507874,0.515453147761814,0.0,1.8586124113713147,0.0,0.0,0.0,0.8133015952131489,0.0,0.0,0.0,3.7005215826280646,0.0,0.0,-1.1520223694217604,4.107941002595737,2.4806275774597695,0.0,0.11626998134018414,-0.886622628644594,8.25233351342772,0.0,3.0328014552078493,4.433174900060046,0.5174210286194313,1.8628075380233973,5.869389992727237,8.568776973567072,6.098430314959177,9.360506468496158,3.6226969589488633,7.30052961385243,6.916918393500035,6.540581630740893,4.277009768550221,8.869975758826294,0.0,3.7999652710909455,6.08559662125547,3.8246572087185466,3.8148419507059073,4.73679584679981,4.966737949177926,0.0,4.985897464257304,4.792889343676099,0.0,3.626346322146113,0.4899211954301219,8.200715344096178,0.0,8.539618992648998,6.116611551508308,8.164795681888881
0.0,0.0,0.0,0.0,0.0,0.0,0.0,0.0,0.0,0.0,0.0,0.0,0.0,0.0,0.0,0.0,0.0,0.0,0.0,0.0,0.0,0.0,0.0,0.0,0.0,0.0,0.0,0.0,1.0886388037794028,0.0,0.0,0.0,0.0,0.0,7.977701479726311,0.0,4.6672682850959495,0.0,-2.75287189191354,0.0,-0.5148688282418945,10.021146951172646,6.513610829516561,9.127735980876139,0.0,0.0,-0.8684476797486266,0.0,0.0,9.147587076097134,0.0,2.432138548512583,8.343775898454647,0.2194087467322642,5.395464543397412,0.0,9.939179834251949,0.0,9.4946298718846,0.0,0.0,4.954482677341086,4.900202511859256,9.554517585927318,8.539618992648998,0.0,0.0,6.853025507651776
0.0,0.0,0.0,-2.8546334688962407,-0.14772537350301937,0.0,-0.38174208118599495,1.0635469652993945,1.2942080975535952,3.7793366330743514,2.0440082955214205,0.0,1.5297855443558488,2.0528784910529407,3.5378744324384424,0.6373506716296474,0.0,1.2304284012660314,0.0,0.0,0.0,-0.7261416434199766,0.0,0.0,0.0,1.762566294852074,0.0,0.0,1.2247798432860075,-2.775765129328856,-0.4702466719217534,0.0,3.3014896567805696,0.0,0.0,0.0,-1.7953821763162658,2.059662800295818,6.173148911797275,2.1913587385931166,5.894497301772617,3.663206763453889,5.742858625911053,9.322581744982228,5.009464067586598,4.397963652406256,5.410595845006721,4.922328732995804,3.244653205887592,5.252602691403391,0.0,5.121840156866407,-3.2680273734016403,3.058857382212721,-1.5809315138856905,2.0957335385308498,-1.9874144785189711,-0.5248901982945509,0.13071673609109377,4.194481794694728,0.2702433512984078,3.305306712764737,-0.4821200500538906,3.3097854639719664,6.116611551508308,0.0,0.0,0.0
0.0,0.0,0.0,0.0,0.0,0.0,0.0,0.0,0.0,-3.085686077832175,0.0,-1.8478641992549931,0.0,-2.388964375056229,0.0,0.0,0.0,0.0,0.0,0.0,0.0,0.0,0.0,0.0,0.0,0.0,0.0,0.0,0.0,1.3713728793172095,-5.177379154905451,0.0,0.0,-5.298873215106488,0.5728423688454622,0.0,0.0,0.0,0.0,0.0,-1.6908771949673227,4.670091164249755,1.9185140462278454,7.698933668429927,0.0,-0.40608945136849917,0.0,0.0,0.0,2.60833667418038,0.0,-5.48184359096163,-2.6687263222155617,0.0,0.0,0.0,3.830985266651308,0.0,-0.8480177952972414,0.5749326120232179,0.0,0.0,0.0,5.7221543469605995,8.164795681888881,6.853025507651776,0.0,0.0
